{
  "ModDisplayName": "Definitive Series Lighting Improvements",
  "ModVersion": "1.0",
  "ModAuthor": "changemymindpls1",
  "ModCompatibility": "The_Walking_Dead_Definitive_Edition",
  "ModFiles": [
    "Relight_Library_DefinitiveSeriesLightingImprovements.ttarch2",
    "_resdesc_50__DefinitiveSeriesLightingImprovements.lua",
    "WDC_pc_Menu_data_DefinitiveSeriesLightingImprovements.ttarch2",
    "_resdesc_50_Menu_DefinitiveSeriesLightingImprovements.lua",
    "WDC_pc_ProjectSeason4_data_DefinitiveSeriesLightingImprovements.ttarch2",
    "_resdesc_50_ProjectSeason4_DefinitiveSeriesLightingImprovements.lua"
  ]
}