{
  "ModDisplayName": "Definitive Series Lighting Improvements",
  "ModVersion": "1.0",
  "ModAuthor": "changemymindpls1",
  "ModCompatibility": "The_Walking_Dead_Definitive_Edition",
  "ModFiles": [
    "ProjectS1_EnviormentMats_DefinitiveSeriesLightingImprovements.ttarch2",
    "_resdesc_50_S1_DefinitiveSeriesLightingImprovements.lua",
    "ProjectS4_EnviormentMats_DefinitiveSeriesLightingImprovements.ttarch2",
    "_resdesc_50_S4_DefinitiveSeriesLightingImprovements.lua",
    "Relight_Library_DefinitiveSeriesLightingImprovements.ttarch2",
    "_resdesc_50__DefinitiveSeriesLightingImprovements.lua",
    "WDC_pc_Menu_data_DefinitiveSeriesLightingImprovements.ttarch2",
    "_resdesc_50_Menu_DefinitiveSeriesLightingImprovements.lua",
    "WDC_pc_ProjectSeason4_data_DefinitiveSeriesLightingImprovements.ttarch2",
    "_resdesc_50_ProjectSeason4_DefinitiveSeriesLightingImprovements.lua",
    "WDC_pc_WalkingDead101_data_DefinitiveSeriesLightingImprovements.ttarch2",
    "_resdesc_50_WalkingDead101_DefinitiveSeriesLightingImprovements.lua",
    "WDC_pc_WalkingDead103_data_DefinitiveSeriesLightingImprovements.ttarch2",
    "_resdesc_50_WalkingDead103_DefinitiveSeriesLightingImprovements.lua",
    "WDC_pc_WalkingDead201_data_DefinitiveSeriesLightingImprovements.ttarch2",
    "_resdesc_50_WalkingDead201_DefinitiveSeriesLightingImprovements.lua",
    "WDC_pc_WalkingDead401_data_DefinitiveSeriesLightingImprovements.ttarch2",
    "_resdesc_50_WalkingDead401_DefinitiveSeriesLightingImprovements.lua",
    "WDC_pc_WalkingDead403_data_DefinitiveSeriesLightingImprovements.ttarch2",
    "_resdesc_50_WalkingDead403_DefinitiveSeriesLightingImprovements.lua"
  ]
}